Epoch,Loss_D,Loss_G,Score_D,Score_G,PSNR,SSIM
1,1.0334804960199304,0.024904548284924916,0.0344073901940109,0.010135133725565834,0,0
